fname,label
dl_morph_labelling\images\preprocessed\crystal\phthalic_acid_2.png,1
dl_morph_labelling\images\preprocessed\noncrystal\3570.png,0
dl_morph_labelling\images\preprocessed\noncrystal\8655.png,0
dl_morph_labelling\images\preprocessed\crystal\transaconitic_acid_1.png,1
dl_morph_labelling\images\preprocessed\noncrystal\5906.png,0
dl_morph_labelling\images\preprocessed\noncrystal\1927.png,0
dl_morph_labelling\images\preprocessed\noncrystal\2530.png,0
dl_morph_labelling\images\preprocessed\noncrystal\816.png,0
dl_morph_labelling\images\preprocessed\noncrystal\7771.png,0
dl_morph_labelling\images\preprocessed\noncrystal\5680.png,0
dl_morph_labelling\images\preprocessed\crystal\methylurea_2.png,1
dl_morph_labelling\images\preprocessed\noncrystal\2856.png,0
dl_morph_labelling\images\preprocessed\noncrystal\7906.png,0
dl_morph_labelling\images\preprocessed\noncrystal\5691.png,0
dl_morph_labelling\images\preprocessed\noncrystal\539.png,0
dl_morph_labelling\images\preprocessed\noncrystal\2318.png,0
dl_morph_labelling\images\preprocessed\crystal\bromanilic_acid_2.png,1
dl_morph_labelling\images\preprocessed\crystal\25pyridinedicarboxylic_acid_1.png,1
dl_morph_labelling\images\preprocessed\crystal\adipic_acid_1.png,1
dl_morph_labelling\images\preprocessed\noncrystal\4985.png,0
dl_morph_labelling\images\preprocessed\crystal\tetrabutylammonium_hexafluorophosphate_5.png,1
dl_morph_labelling\images\preprocessed\crystal\35dinitrobenzoic_acid_2.png,1
dl_morph_labelling\images\preprocessed\noncrystal\7841.png,0
dl_morph_labelling\images\preprocessed\noncrystal\1586.png,0
dl_morph_labelling\images\preprocessed\crystal\135triphenylbenzene_3.png,1
dl_morph_labelling\images\preprocessed\crystal\chloroanilic_acid_1.png,1
dl_morph_labelling\images\preprocessed\crystal\24dinitrobenzoic_acid_5.png,1
dl_morph_labelling\images\preprocessed\crystal\5iodouracil_5.png,1
dl_morph_labelling\images\preprocessed\noncrystal\3926.png,0
dl_morph_labelling\images\preprocessed\crystal\urea_2.png,1
dl_morph_labelling\images\preprocessed\noncrystal\8744.png,0
dl_morph_labelling\images\preprocessed\noncrystal\6834.png,0
dl_morph_labelling\images\preprocessed\crystal\quinuclidine_7.png,1
dl_morph_labelling\images\preprocessed\noncrystal\5218.png,0
dl_morph_labelling\images\preprocessed\crystal\2chloro6fluorobenzoic_acid_2.png,1
dl_morph_labelling\images\preprocessed\noncrystal\2714.png,0
dl_morph_labelling\images\preprocessed\crystal\4bromobenzoic_acid_1.png,1
dl_morph_labelling\images\preprocessed\crystal\24dinitrobenzoic_acid_6.png,1
dl_morph_labelling\images\preprocessed\noncrystal\2777.png,0
dl_morph_labelling\images\preprocessed\noncrystal\6275.png,0
dl_morph_labelling\images\preprocessed\noncrystal\4085.png,0
dl_morph_labelling\images\preprocessed\noncrystal\8433.png,0
dl_morph_labelling\images\preprocessed\noncrystal\3893.png,0
dl_morph_labelling\images\preprocessed\noncrystal\5560.png,0
dl_morph_labelling\images\preprocessed\crystal\35dinitrosalicylic_acid_3.png,1
dl_morph_labelling\images\preprocessed\noncrystal\3721.png,0
dl_morph_labelling\images\preprocessed\crystal\3cyanobenzoic_acid_2.png,1
dl_morph_labelling\images\preprocessed\crystal\biuret_4.png,1
dl_morph_labelling\images\preprocessed\noncrystal\2456.png,0
dl_morph_labelling\images\preprocessed\crystal\pyrazole_4.png,1
dl_morph_labelling\images\preprocessed\crystal\flurbiprofen_2.png,1
dl_morph_labelling\images\preprocessed\noncrystal\430.png,0
dl_morph_labelling\images\preprocessed\crystal\3chlorobenzoic_acid_2.png,1
dl_morph_labelling\images\preprocessed\noncrystal\1154.png,0
dl_morph_labelling\images\preprocessed\noncrystal\502.png,0
dl_morph_labelling\images\preprocessed\noncrystal\136.png,0
dl_morph_labelling\images\preprocessed\noncrystal\5464.png,0
dl_morph_labelling\images\preprocessed\crystal\4methylaminobenzoic_acid_4.png,1
dl_morph_labelling\images\preprocessed\crystal\nicotinamide_1.png,1
dl_morph_labelling\images\preprocessed\crystal\35dihydroxybenzoic_acid_1.png,1
dl_morph_labelling\images\preprocessed\noncrystal\2518.png,0
dl_morph_labelling\images\preprocessed\crystal\flurbiprofen_3.png,1
dl_morph_labelling\images\preprocessed\noncrystal\3606.png,0
dl_morph_labelling\images\preprocessed\crystal\quinuclidine_1.png,1
dl_morph_labelling\images\preprocessed\crystal\adamantane_3.png,1
dl_morph_labelling\images\preprocessed\noncrystal\5958.png,0
dl_morph_labelling\images\preprocessed\crystal\5iodouracil_1.png,1
dl_morph_labelling\images\preprocessed\crystal\transaconitic_acid_2.png,1
dl_morph_labelling\images\preprocessed\crystal\35dihydroxybenzoic_acid_3.png,1
dl_morph_labelling\images\preprocessed\crystal\4phenoxyphenol_3.png,1
dl_morph_labelling\images\preprocessed\noncrystal\6113.png,0
dl_morph_labelling\images\preprocessed\crystal\3hydroxybenzoic_acid_2.png,1
dl_morph_labelling\images\preprocessed\noncrystal\7195.png,0
dl_morph_labelling\images\preprocessed\crystal\4bromo3methylaniline_1.png,1
dl_morph_labelling\images\preprocessed\noncrystal\6706.png,0
dl_morph_labelling\images\preprocessed\noncrystal\4035.png,0
dl_morph_labelling\images\preprocessed\noncrystal\6929.png,0
dl_morph_labelling\images\preprocessed\crystal\dmannitol_4.png,1
dl_morph_labelling\images\preprocessed\noncrystal\5322.png,0
dl_morph_labelling\images\preprocessed\noncrystal\3438.png,0
dl_morph_labelling\images\preprocessed\crystal\methyl_4hydroxybenzoate_1.png,1
dl_morph_labelling\images\preprocessed\noncrystal\7168.png,0
dl_morph_labelling\images\preprocessed\noncrystal\5616.png,0
dl_morph_labelling\images\preprocessed\crystal\24dihydroxybenzoic_acid_1.png,1
dl_morph_labelling\images\preprocessed\noncrystal\7327.png,0
dl_morph_labelling\images\preprocessed\crystal\oxamide_2.png,1
dl_morph_labelling\images\preprocessed\crystal\piracetam_1.png,1
dl_morph_labelling\images\preprocessed\crystal\pacetanisidide_2.png,1
dl_morph_labelling\images\preprocessed\noncrystal\7482.png,0
dl_morph_labelling\images\preprocessed\crystal\adipic_acid_2.png,1
dl_morph_labelling\images\preprocessed\noncrystal\2618.png,0
dl_morph_labelling\images\preprocessed\crystal\3cyanobenzoic_acid_3.png,1
dl_morph_labelling\images\preprocessed\noncrystal\394.png,0
dl_morph_labelling\images\preprocessed\crystal\pyrazole_1.png,1
dl_morph_labelling\images\preprocessed\noncrystal\4187.png,0
dl_morph_labelling\images\preprocessed\crystal\biuret_3.png,1
dl_morph_labelling\images\preprocessed\crystal\tetrabutylammonium_hexafluorophosphate_6.png,1
dl_morph_labelling\images\preprocessed\noncrystal\4018.png,0
dl_morph_labelling\images\preprocessed\noncrystal\5256.png,0
dl_morph_labelling\images\preprocessed\crystal\oxalic_acid_dihydrate_2.png,1
dl_morph_labelling\images\preprocessed\crystal\4bromo3methylaniline_4.png,1
dl_morph_labelling\images\preprocessed\crystal\n3chloro2methylphenylanthranilic_acid_2.png,1
dl_morph_labelling\images\preprocessed\crystal\4cyanobenzoic_acid_5.png,1
dl_morph_labelling\images\preprocessed\crystal\4phenoxyphenol_2.png,1
dl_morph_labelling\images\preprocessed\crystal\phloroglucinol_dihydrate_1.png,1
dl_morph_labelling\images\preprocessed\noncrystal\424.png,0
dl_morph_labelling\images\preprocessed\crystal\22dichloracetamid_1.png,1
dl_morph_labelling\images\preprocessed\crystal\methylurea_3.png,1
dl_morph_labelling\images\preprocessed\noncrystal\2687.png,0
dl_morph_labelling\images\preprocessed\noncrystal\4987.png,0
dl_morph_labelling\images\preprocessed\noncrystal\6913.png,0
dl_morph_labelling\images\preprocessed\crystal\3chlorobenzoic_acid_1.png,1
dl_morph_labelling\images\preprocessed\crystal\pyrazole_3.png,1
dl_morph_labelling\images\preprocessed\crystal\flufenamic_acid_2.png,1
dl_morph_labelling\images\preprocessed\noncrystal\2452.png,0
dl_morph_labelling\images\preprocessed\noncrystal\1448.png,0
dl_morph_labelling\images\preprocessed\noncrystal\3750.png,0
dl_morph_labelling\images\preprocessed\crystal\sorbic_acid_3.png,1
dl_morph_labelling\images\preprocessed\crystal\222trifluoroacetamide_1.png,1
dl_morph_labelling\images\preprocessed\crystal\ampicillin_2.png,1
dl_morph_labelling\images\preprocessed\noncrystal\8509.png,0
dl_morph_labelling\images\preprocessed\noncrystal\2802.png,0
dl_morph_labelling\images\preprocessed\crystal\135triphenylbenzene_1.png,1
dl_morph_labelling\images\preprocessed\crystal\34dihydroxybenzoic_acid_2.png,1
dl_morph_labelling\images\preprocessed\crystal\tetrabutylammonium_hexafluorophosphate_1.png,1
dl_morph_labelling\images\preprocessed\crystal\lmandelic_acid_1.png,1
dl_morph_labelling\images\preprocessed\crystal\dlmandelic_acid_1.png,1
dl_morph_labelling\images\preprocessed\crystal\n3trifluoromethylphenylanthranilic_acid_2.png,1
dl_morph_labelling\images\preprocessed\crystal\35dinitrobenzoic_acid_3.png,1
dl_morph_labelling\images\preprocessed\crystal\methyl_4hydroxybenzoate_2.png,1
dl_morph_labelling\images\preprocessed\crystal\indomethacin_1.png,1
dl_morph_labelling\images\preprocessed\noncrystal\2062.png,0
dl_morph_labelling\images\preprocessed\noncrystal\4253.png,0
dl_morph_labelling\images\preprocessed\crystal\magnesium_chloride_6.png,1
dl_morph_labelling\images\preprocessed\noncrystal\6672.png,0
dl_morph_labelling\images\preprocessed\noncrystal\513.png,0
dl_morph_labelling\images\preprocessed\crystal\indomethacin_3.png,1
dl_morph_labelling\images\preprocessed\crystal\5nitroisophthalic_acid_1.png,1
dl_morph_labelling\images\preprocessed\crystal\4bromo3methylaniline_9.png,1
dl_morph_labelling\images\preprocessed\noncrystal\1431.png,0
dl_morph_labelling\images\preprocessed\noncrystal\7089.png,0
dl_morph_labelling\images\preprocessed\crystal\pyrazole_8.png,1
dl_morph_labelling\images\preprocessed\noncrystal\6916.png,0
dl_morph_labelling\images\preprocessed\crystal\dimethylurea_3.png,1
dl_morph_labelling\images\preprocessed\noncrystal\6260.png,0
dl_morph_labelling\images\preprocessed\noncrystal\8557.png,0
dl_morph_labelling\images\preprocessed\crystal\benzamide_4.png,1
dl_morph_labelling\images\preprocessed\noncrystal\5376.png,0
dl_morph_labelling\images\preprocessed\noncrystal\4501.png,0
dl_morph_labelling\images\preprocessed\noncrystal\5080.png,0
dl_morph_labelling\images\preprocessed\noncrystal\2936.png,0
dl_morph_labelling\images\preprocessed\noncrystal\3993.png,0
dl_morph_labelling\images\preprocessed\crystal\4aminobenzoic_acid_3.png,1
dl_morph_labelling\images\preprocessed\crystal\hexamethylbenzol_1.png,1
dl_morph_labelling\images\preprocessed\crystal\gallic_acid_2.png,1
dl_morph_labelling\images\preprocessed\noncrystal\2288.png,0
dl_morph_labelling\images\preprocessed\noncrystal\3450.png,0
dl_morph_labelling\images\preprocessed\crystal\quinuclidine_3.png,1
dl_morph_labelling\images\preprocessed\crystal\5iodouracil_4.png,1
dl_morph_labelling\images\preprocessed\crystal\3bromobenzoic_acid_4.png,1
dl_morph_labelling\images\preprocessed\noncrystal\1416.png,0
dl_morph_labelling\images\preprocessed\noncrystal\2407.png,0
dl_morph_labelling\images\preprocessed\noncrystal\2331.png,0
dl_morph_labelling\images\preprocessed\noncrystal\3445.png,0
dl_morph_labelling\images\preprocessed\crystal\dimethylurea_4.png,1
dl_morph_labelling\images\preprocessed\crystal\methylurea_5.png,1
dl_morph_labelling\images\preprocessed\noncrystal\5399.png,0
dl_morph_labelling\images\preprocessed\crystal\magnesium_chloride_3.png,1
dl_morph_labelling\images\preprocessed\crystal\24isobutylphenylpropionic_acid_2.png,1
dl_morph_labelling\images\preprocessed\noncrystal\5246.png,0
dl_morph_labelling\images\preprocessed\crystal\benzimidazole_1.png,1
dl_morph_labelling\images\preprocessed\crystal\24pyridinedicarboxylic_acid_monohydrate_1.png,1
dl_morph_labelling\images\preprocessed\noncrystal\2811.png,0
dl_morph_labelling\images\preprocessed\crystal\phthalic_acid_1.png,1
dl_morph_labelling\images\preprocessed\crystal\26pyridinedicarboxylic acid_2.png,1
dl_morph_labelling\images\preprocessed\noncrystal\4113.png,0
dl_morph_labelling\images\preprocessed\crystal\oxamide_4.png,1
dl_morph_labelling\images\preprocessed\crystal\magnesium_chloride_8.png,1
dl_morph_labelling\images\preprocessed\crystal\dmannitol_3.png,1
dl_morph_labelling\images\preprocessed\crystal\5nitroisophthalic_acid_3.png,1
dl_morph_labelling\images\preprocessed\noncrystal\4365.png,0
dl_morph_labelling\images\preprocessed\crystal\benzoic_acid_1.png,1
dl_morph_labelling\images\preprocessed\noncrystal\6130.png,0
dl_morph_labelling\images\preprocessed\noncrystal\2278.png,0
dl_morph_labelling\images\preprocessed\crystal\2hydroxy14naphthoquinone_3.png,1
dl_morph_labelling\images\preprocessed\noncrystal\31.png,0
dl_morph_labelling\images\preprocessed\noncrystal\6305.png,0
dl_morph_labelling\images\preprocessed\crystal\lmandelic_acid_3.png,1
dl_morph_labelling\images\preprocessed\noncrystal\6859.png,0
dl_morph_labelling\images\preprocessed\noncrystal\3608.png,0
dl_morph_labelling\images\preprocessed\crystal\bromanilic_acid_4.png,1
dl_morph_labelling\images\preprocessed\noncrystal\8232.png,0
dl_morph_labelling\images\preprocessed\crystal\sulfacetamide_2.png,1
dl_morph_labelling\images\preprocessed\crystal\taurine_2.png,1
dl_morph_labelling\images\preprocessed\crystal\4bromo3methylaniline_8.png,1
dl_morph_labelling\images\preprocessed\noncrystal\5170.png,0
dl_morph_labelling\images\preprocessed\crystal\chloroanilic_acid_2.png,1
dl_morph_labelling\images\preprocessed\crystal\thiourea_3.png,1
dl_morph_labelling\images\preprocessed\noncrystal\2730.png,0
dl_morph_labelling\images\preprocessed\crystal\resorcinol_1.png,1
dl_morph_labelling\images\preprocessed\noncrystal\8399.png,0
dl_morph_labelling\images\preprocessed\crystal\adamantane_2.png,1
dl_morph_labelling\images\preprocessed\crystal\adamantane_1.png,1
dl_morph_labelling\images\preprocessed\crystal\phloroglucinol_1.png,1
dl_morph_labelling\images\preprocessed\noncrystal\4506.png,0
dl_morph_labelling\images\preprocessed\noncrystal\935.png,0
dl_morph_labelling\images\preprocessed\crystal\thiourea_4.png,1
dl_morph_labelling\images\preprocessed\crystal\potassium_nitrate_3.png,1
dl_morph_labelling\images\preprocessed\crystal\potassium_nitrate_4.png,1
dl_morph_labelling\images\preprocessed\noncrystal\6552.png,0
dl_morph_labelling\images\preprocessed\noncrystal\4805.png,0
dl_morph_labelling\images\preprocessed\crystal\4acetamidobenzoic_acid_1.png,1
dl_morph_labelling\images\preprocessed\crystal\hexamethylbenzol_2.png,1
dl_morph_labelling\images\preprocessed\crystal\fenoprofen_calcium_salt_dihydrate_1.png,1
dl_morph_labelling\images\preprocessed\crystal\coumarin_4.png,1
dl_morph_labelling\images\preprocessed\crystal\dlmandelic_acid_4.png,1
dl_morph_labelling\images\preprocessed\crystal\dimethylurea_1.png,1
dl_morph_labelling\images\preprocessed\crystal\3methoxybenzoic_acid_5.png,1
dl_morph_labelling\images\preprocessed\noncrystal\6007.png,0
dl_morph_labelling\images\preprocessed\crystal\135triphenylbenzene_2.png,1
dl_morph_labelling\images\preprocessed\crystal\24dichlorophenoxyacetic_acid_1.png,1
dl_morph_labelling\images\preprocessed\noncrystal\5632.png,0
dl_morph_labelling\images\preprocessed\crystal\anisic_acid_5.png,1
dl_morph_labelling\images\preprocessed\noncrystal\3985.png,0
dl_morph_labelling\images\preprocessed\crystal\quinine_1.png,1
dl_morph_labelling\images\preprocessed\noncrystal\2071.png,0
dl_morph_labelling\images\preprocessed\crystal\4fluorobenzoic_acid_1.png,1
dl_morph_labelling\images\preprocessed\noncrystal\7980.png,0
dl_morph_labelling\images\preprocessed\crystal\nicotinic_acid_2.png,1
dl_morph_labelling\images\preprocessed\noncrystal\1425.png,0
dl_morph_labelling\images\preprocessed\crystal\flufenamic_acid_4.png,1
dl_morph_labelling\images\preprocessed\noncrystal\8721.png,0
dl_morph_labelling\images\preprocessed\crystal\4aminobenzoic_acid_1.png,1
dl_morph_labelling\images\preprocessed\noncrystal\1125.png,0
dl_morph_labelling\images\preprocessed\crystal\lglutamic_acid_4.png,1
dl_morph_labelling\images\preprocessed\noncrystal\7403.png,0
dl_morph_labelling\images\preprocessed\crystal\4bromo3methylaniline_6.png,1
dl_morph_labelling\images\preprocessed\crystal\anisic_acid_3.png,1
dl_morph_labelling\images\preprocessed\noncrystal\6871.png,0
dl_morph_labelling\images\preprocessed\crystal\5aminouracil_2.png,1
dl_morph_labelling\images\preprocessed\crystal\chloroanilic_acid_3.png,1
dl_morph_labelling\images\preprocessed\crystal\4nitrobenzoic_acid_1.png,1
dl_morph_labelling\images\preprocessed\crystal\1hbenzotriazole_2.png,1
dl_morph_labelling\images\preprocessed\noncrystal\7362.png,0
dl_morph_labelling\images\preprocessed\noncrystal\6166.png,0
dl_morph_labelling\images\preprocessed\crystal\6chloro24dinitroaniline_1.png,1
dl_morph_labelling\images\preprocessed\crystal\hydroquinone_1.png,1
dl_morph_labelling\images\preprocessed\noncrystal\5496.png,0
dl_morph_labelling\images\preprocessed\crystal\flurbiprofen_1.png,1
dl_morph_labelling\images\preprocessed\crystal\magnesium_chloride_2.png,1
dl_morph_labelling\images\preprocessed\crystal\pacetanisidide_4.png,1
dl_morph_labelling\images\preprocessed\crystal\mtoluic_acid_1.png,1
dl_morph_labelling\images\preprocessed\noncrystal\7018.png,0
dl_morph_labelling\images\preprocessed\crystal\taurine_3.png,1
dl_morph_labelling\images\preprocessed\noncrystal\5630.png,0
dl_morph_labelling\images\preprocessed\noncrystal\5183.png,0
dl_morph_labelling\images\preprocessed\crystal\22dichloracetamid_3.png,1
dl_morph_labelling\images\preprocessed\crystal\phthalic_acid_3.png,1
dl_morph_labelling\images\preprocessed\noncrystal\5987.png,0
dl_morph_labelling\images\preprocessed\crystal\quinuclidine_6.png,1
dl_morph_labelling\images\preprocessed\noncrystal\5641.png,0
dl_morph_labelling\images\preprocessed\noncrystal\5434.png,0
dl_morph_labelling\images\preprocessed\noncrystal\2575.png,0
dl_morph_labelling\images\preprocessed\crystal\magnesium_chloride_9.png,1
dl_morph_labelling\images\preprocessed\noncrystal\6714.png,0
dl_morph_labelling\images\preprocessed\noncrystal\7295.png,0
dl_morph_labelling\images\preprocessed\noncrystal\4822.png,0
dl_morph_labelling\images\preprocessed\crystal\5aminoisophthalic_acid_5.png,1
dl_morph_labelling\images\preprocessed\noncrystal\8121.png,0
dl_morph_labelling\images\preprocessed\noncrystal\76.png,0
dl_morph_labelling\images\preprocessed\crystal\potassium_bromide_2.png,1
dl_morph_labelling\images\preprocessed\crystal\caffeine_3.png,1
dl_morph_labelling\images\preprocessed\noncrystal\8554.png,0
dl_morph_labelling\images\preprocessed\crystal\4bromo3methylaniline_5.png,1
dl_morph_labelling\images\preprocessed\noncrystal\7955.png,0
dl_morph_labelling\images\preprocessed\noncrystal\2487.png,0
dl_morph_labelling\images\preprocessed\crystal\5aminoisophthalic_acid_7.png,1
dl_morph_labelling\images\preprocessed\noncrystal\3452.png,0
dl_morph_labelling\images\preprocessed\noncrystal\1919.png,0
dl_morph_labelling\images\preprocessed\noncrystal\2031.png,0
dl_morph_labelling\images\preprocessed\crystal\dlmandelic_acid_3.png,1
dl_morph_labelling\images\preprocessed\crystal\taurine_5.png,1
dl_morph_labelling\images\preprocessed\noncrystal\446.png,0
dl_morph_labelling\images\preprocessed\noncrystal\7416.png,0
dl_morph_labelling\images\preprocessed\crystal\5aminoisophthalic_acid_3.png,1
dl_morph_labelling\images\preprocessed\noncrystal\861.png,0
dl_morph_labelling\images\preprocessed\noncrystal\4601.png,0
dl_morph_labelling\images\preprocessed\crystal\4cyanobenzoic_acid_2.png,1
dl_morph_labelling\images\preprocessed\noncrystal\7724.png,0
dl_morph_labelling\images\preprocessed\noncrystal\7829.png,0
dl_morph_labelling\images\preprocessed\noncrystal\7968.png,0
dl_morph_labelling\images\preprocessed\noncrystal\5895.png,0
dl_morph_labelling\images\preprocessed\crystal\mtoluic_acid_3.png,1
dl_morph_labelling\images\preprocessed\noncrystal\6704.png,0
dl_morph_labelling\images\preprocessed\noncrystal\933.png,0
dl_morph_labelling\images\preprocessed\noncrystal\4562.png,0
dl_morph_labelling\images\preprocessed\crystal\3bromobenzoic_acid_6.png,1
dl_morph_labelling\images\preprocessed\noncrystal\2200.png,0
dl_morph_labelling\images\preprocessed\noncrystal\8440.png,0
dl_morph_labelling\images\preprocessed\noncrystal\6556.png,0
dl_morph_labelling\images\preprocessed\noncrystal\4659.png,0
dl_morph_labelling\images\preprocessed\crystal\4methylaminobenzoic_acid_1.png,1
dl_morph_labelling\images\preprocessed\noncrystal\7453.png,0
dl_morph_labelling\images\preprocessed\noncrystal\5271.png,0
dl_morph_labelling\images\preprocessed\noncrystal\6230.png,0
dl_morph_labelling\images\preprocessed\crystal\meloxicam_3.png,1
dl_morph_labelling\images\preprocessed\noncrystal\5743.png,0
dl_morph_labelling\images\preprocessed\noncrystal\7338.png,0
dl_morph_labelling\images\preprocessed\noncrystal\202.png,0
dl_morph_labelling\images\preprocessed\crystal\benzimidazole_3.png,1
dl_morph_labelling\images\preprocessed\crystal\oxalic_acid_dihydrate_1.png,1
dl_morph_labelling\images\preprocessed\noncrystal\8444.png,0
dl_morph_labelling\images\preprocessed\noncrystal\4199.png,0
dl_morph_labelling\images\preprocessed\crystal\22bipyridyl_3.png,1
dl_morph_labelling\images\preprocessed\crystal\meloxicam_1.png,1
dl_morph_labelling\images\preprocessed\crystal\riboflavin_1.png,1
dl_morph_labelling\images\preprocessed\noncrystal\3569.png,0
dl_morph_labelling\images\preprocessed\noncrystal\8822.png,0
dl_morph_labelling\images\preprocessed\crystal\barbituric_acid_3.png,1
dl_morph_labelling\images\preprocessed\noncrystal\5516.png,0
dl_morph_labelling\images\preprocessed\crystal\fenoprofen_calcium_salt_dihydrate_3.png,1
dl_morph_labelling\images\preprocessed\noncrystal\2394.png,0
dl_morph_labelling\images\preprocessed\noncrystal\1228.png,0
dl_morph_labelling\images\preprocessed\crystal\potassium_bromide_1.png,1
dl_morph_labelling\images\preprocessed\noncrystal\4859.png,0
dl_morph_labelling\images\preprocessed\crystal\phenazine_5.png,1
dl_morph_labelling\images\preprocessed\noncrystal\7058.png,0
dl_morph_labelling\images\preprocessed\noncrystal\7074.png,0
dl_morph_labelling\images\preprocessed\crystal\pacetanisidide_3.png,1
dl_morph_labelling\images\preprocessed\crystal\4bromobenzoic_acid_4.png,1
dl_morph_labelling\images\preprocessed\noncrystal\5916.png,0
dl_morph_labelling\images\preprocessed\crystal\adipic_acid_4.png,1
dl_morph_labelling\images\preprocessed\crystal\meloxicam_2.png,1
dl_morph_labelling\images\preprocessed\crystal\pyrazole_2.png,1
dl_morph_labelling\images\preprocessed\crystal\5aminouracil_4.png,1
dl_morph_labelling\images\preprocessed\noncrystal\4594.png,0
dl_morph_labelling\images\preprocessed\crystal\theobromine_2.png,1
dl_morph_labelling\images\preprocessed\crystal\22bipyridyl_2.png,1
dl_morph_labelling\images\preprocessed\crystal\4fluorobenzoic_acid_2.png,1
dl_morph_labelling\images\preprocessed\crystal\barbituric_acid_2.png,1
dl_morph_labelling\images\preprocessed\noncrystal\5672.png,0
dl_morph_labelling\images\preprocessed\noncrystal\8749.png,0
dl_morph_labelling\images\preprocessed\crystal\indomethacin_2.png,1
dl_morph_labelling\images\preprocessed\noncrystal\1325.png,0
dl_morph_labelling\images\preprocessed\crystal\3bromobenzoic_acid_5.png,1
dl_morph_labelling\images\preprocessed\crystal\4aminobenzoic_acid_2.png,1
dl_morph_labelling\images\preprocessed\noncrystal\8293.png,0
dl_morph_labelling\images\preprocessed\crystal\3methoxybenzoic_acid_2.png,1
dl_morph_labelling\images\preprocessed\crystal\pyrazinecarboxamide_5.png,1
dl_morph_labelling\images\preprocessed\noncrystal\7622.png,0
dl_morph_labelling\images\preprocessed\noncrystal\5746.png,0
dl_morph_labelling\images\preprocessed\crystal\triphenylacetic_acid_1.png,1
dl_morph_labelling\images\preprocessed\crystal\resorcinol_3.png,1
dl_morph_labelling\images\preprocessed\crystal\taurine_4.png,1
dl_morph_labelling\images\preprocessed\noncrystal\7290.png,0
dl_morph_labelling\images\preprocessed\noncrystal\3767.png,0
dl_morph_labelling\images\preprocessed\noncrystal\6456.png,0
dl_morph_labelling\images\preprocessed\crystal\quinuclidine_4.png,1
dl_morph_labelling\images\preprocessed\noncrystal\4489.png,0
dl_morph_labelling\images\preprocessed\noncrystal\6764.png,0
dl_morph_labelling\images\preprocessed\noncrystal\955.png,0
dl_morph_labelling\images\preprocessed\noncrystal\5642.png,0
dl_morph_labelling\images\preprocessed\noncrystal\5459.png,0
dl_morph_labelling\images\preprocessed\crystal\3hydroxybenzoic_acid_1.png,1
dl_morph_labelling\images\preprocessed\noncrystal\7259.png,0
dl_morph_labelling\images\preprocessed\crystal\resorcinol_2.png,1
dl_morph_labelling\images\preprocessed\crystal\4cyanobenzoic_acid_1.png,1
dl_morph_labelling\images\preprocessed\noncrystal\64.png,0
dl_morph_labelling\images\preprocessed\crystal\ampicillin_1.png,1
dl_morph_labelling\images\preprocessed\noncrystal\8720.png,0
dl_morph_labelling\images\preprocessed\crystal\4fluorobenzoic_acid_3.png,1
dl_morph_labelling\images\preprocessed\noncrystal\5572.png,0
dl_morph_labelling\images\preprocessed\noncrystal\5688.png,0
dl_morph_labelling\images\preprocessed\noncrystal\6705.png,0
dl_morph_labelling\images\preprocessed\crystal\anisic_acid_1.png,1
dl_morph_labelling\images\preprocessed\noncrystal\2528.png,0
dl_morph_labelling\images\preprocessed\crystal\34dihydroxybenzoic_acid_3.png,1
dl_morph_labelling\images\preprocessed\noncrystal\16.png,0
dl_morph_labelling\images\preprocessed\crystal\malonamide_1.png,1
dl_morph_labelling\images\preprocessed\crystal\4phenoxyphenol_1.png,1
dl_morph_labelling\images\preprocessed\noncrystal\922.png,0
dl_morph_labelling\images\preprocessed\crystal\4methoxyazobenzene_3.png,1
dl_morph_labelling\images\preprocessed\crystal\n3trifluoromethylphenylanthranilic_acid_1.png,1
dl_morph_labelling\images\preprocessed\crystal\benzimidazole_5.png,1
dl_morph_labelling\images\preprocessed\crystal\n3chloro2methylphenylanthranilic_acid_1.png,1
dl_morph_labelling\images\preprocessed\noncrystal\8767.png,0
dl_morph_labelling\images\preprocessed\noncrystal\7554.png,0
dl_morph_labelling\images\preprocessed\noncrystal\4810.png,0
dl_morph_labelling\images\preprocessed\noncrystal\5563.png,0
dl_morph_labelling\images\preprocessed\noncrystal\8761.png,0
dl_morph_labelling\images\preprocessed\noncrystal\1601.png,0
dl_morph_labelling\images\preprocessed\crystal\bromanilic_acid_3.png,1
dl_morph_labelling\images\preprocessed\crystal\1naphthylacetic_acid_2.png,1
dl_morph_labelling\images\preprocessed\noncrystal\8256.png,0
dl_morph_labelling\images\preprocessed\noncrystal\1848.png,0
dl_morph_labelling\images\preprocessed\noncrystal\8750.png,0
dl_morph_labelling\images\preprocessed\crystal\fenoprofen_calcium_salt_dihydrate_2.png,1
dl_morph_labelling\images\preprocessed\noncrystal\5326.png,0
dl_morph_labelling\images\preprocessed\crystal\methyl_4bromobenzoate_3.png,1
dl_morph_labelling\images\preprocessed\crystal\2chlorobenzoic_acid_1.png,1
dl_morph_labelling\images\preprocessed\noncrystal\5654.png,0
dl_morph_labelling\images\preprocessed\noncrystal\4942.png,0
dl_morph_labelling\images\preprocessed\crystal\potassium_bromide_3.png,1
dl_morph_labelling\images\preprocessed\crystal\35dimethylpyrazole_2.png,1
dl_morph_labelling\images\preprocessed\crystal\quinuclidine_8.png,1
dl_morph_labelling\images\preprocessed\crystal\phenazine_2.png,1
dl_morph_labelling\images\preprocessed\crystal\triamterene_2.png,1
dl_morph_labelling\images\preprocessed\noncrystal\474.png,0
dl_morph_labelling\images\preprocessed\crystal\5aminoisophthalic_acid_microscope_1.png,1
dl_morph_labelling\images\preprocessed\crystal\pyrazole_9.png,1
dl_morph_labelling\images\preprocessed\crystal\malonamide_2.png,1
dl_morph_labelling\images\preprocessed\crystal\oxamide_1.png,1
dl_morph_labelling\images\preprocessed\crystal\22bipyridyl_5.png,1
dl_morph_labelling\images\preprocessed\noncrystal\5447.png,0
dl_morph_labelling\images\preprocessed\crystal\benzamide_3.png,1
dl_morph_labelling\images\preprocessed\crystal\thiourea_1.png,1
dl_morph_labelling\images\preprocessed\crystal\3methoxybenzoic_acid_4.png,1
dl_morph_labelling\images\preprocessed\crystal\theobromine_1.png,1
dl_morph_labelling\images\preprocessed\noncrystal\1258.png,0
dl_morph_labelling\images\preprocessed\noncrystal\3953.png,0
dl_morph_labelling\images\preprocessed\crystal\3amino4methoxyacetanilide_3.png,1
dl_morph_labelling\images\preprocessed\noncrystal\8226.png,0
dl_morph_labelling\images\preprocessed\crystal\nphenylurea_4.png,1
dl_morph_labelling\images\preprocessed\crystal\methyl_4bromobenzoate_2.png,1
dl_morph_labelling\images\preprocessed\noncrystal\2726.png,0
dl_morph_labelling\images\preprocessed\crystal\theophylline_3.png,1
dl_morph_labelling\images\preprocessed\noncrystal\289.png,0
dl_morph_labelling\images\preprocessed\crystal\3nitrophthalic_acid_2.png,1
dl_morph_labelling\images\preprocessed\crystal\4iodobenzoic_acid_1.png,1
dl_morph_labelling\images\preprocessed\noncrystal\7765.png,0
dl_morph_labelling\images\preprocessed\noncrystal\8035.png,0
dl_morph_labelling\images\preprocessed\crystal\1hbenzotriazole_1.png,1
dl_morph_labelling\images\preprocessed\crystal\46dihydroxypyrimidine_5.png,1
dl_morph_labelling\images\preprocessed\noncrystal\7659.png,0
dl_morph_labelling\images\preprocessed\noncrystal\1233.png,0
dl_morph_labelling\images\preprocessed\noncrystal\6454.png,0
dl_morph_labelling\images\preprocessed\noncrystal\5113.png,0
dl_morph_labelling\images\preprocessed\crystal\4nitrobenzoic_acid_2.png,1
dl_morph_labelling\images\preprocessed\crystal\3amino4methoxyacetanilide_2.png,1
dl_morph_labelling\images\preprocessed\noncrystal\1711.png,0
dl_morph_labelling\images\preprocessed\crystal\hexamethylbenzol_3.png,1
dl_morph_labelling\images\preprocessed\noncrystal\7924.png,0
dl_morph_labelling\images\preprocessed\noncrystal\3508.png,0
dl_morph_labelling\images\preprocessed\crystal\3aminobenzoic_acid_1.png,1
dl_morph_labelling\images\preprocessed\noncrystal\3131.png,0
dl_morph_labelling\images\preprocessed\crystal\46dihydroxypyrimidine_1.png,1
dl_morph_labelling\images\preprocessed\noncrystal\545.png,0
dl_morph_labelling\images\preprocessed\noncrystal\269.png,0
dl_morph_labelling\images\preprocessed\noncrystal\1176.png,0
dl_morph_labelling\images\preprocessed\crystal\anisic_acid_2.png,1
dl_morph_labelling\images\preprocessed\crystal\hydroquinone_3.png,1
dl_morph_labelling\images\preprocessed\crystal\sorbic_acid_2.png,1
dl_morph_labelling\images\preprocessed\crystal\35dinitrosalicylic_acid_2.png,1
dl_morph_labelling\images\preprocessed\crystal\1naphthylacetic_acid_1.png,1
dl_morph_labelling\images\preprocessed\crystal\2hydroxy14naphthoquinone_4.png,1
dl_morph_labelling\images\preprocessed\crystal\tetrabutylammonium_hexafluorophosphate_2.png,1
dl_morph_labelling\images\preprocessed\crystal\theophylline_1.png,1
dl_morph_labelling\images\preprocessed\crystal\benzamide_1.png,1
dl_morph_labelling\images\preprocessed\crystal\4bromo2methylaniline_2.png,1
dl_morph_labelling\images\preprocessed\noncrystal\425.png,0
dl_morph_labelling\images\preprocessed\crystal\nphenylurea_1.png,1
dl_morph_labelling\images\preprocessed\noncrystal\5777.png,0
dl_morph_labelling\images\preprocessed\noncrystal\3583.png,0
dl_morph_labelling\images\preprocessed\crystal\3bromobenzoic_acid_2.png,1
dl_morph_labelling\images\preprocessed\noncrystal\8363.png,0
dl_morph_labelling\images\preprocessed\crystal\magnesium_chloride_4.png,1
dl_morph_labelling\images\preprocessed\noncrystal\4749.png,0
dl_morph_labelling\images\preprocessed\crystal\phloroglucinol_3.png,1
dl_morph_labelling\images\preprocessed\noncrystal\7950.png,0
dl_morph_labelling\images\preprocessed\noncrystal\4781.png,0
dl_morph_labelling\images\preprocessed\crystal\4methylaminobenzoic_acid_2.png,1
dl_morph_labelling\images\preprocessed\noncrystal\3429.png,0
dl_morph_labelling\images\preprocessed\noncrystal\6386.png,0
dl_morph_labelling\images\preprocessed\crystal\alpha_lipoic_acid_2.png,1
dl_morph_labelling\images\preprocessed\noncrystal\6221.png,0
dl_morph_labelling\images\preprocessed\crystal\4acetamidobenzoic_acid_2.png,1
dl_morph_labelling\images\preprocessed\crystal\2hydroxy14naphthoquinone_6.png,1
dl_morph_labelling\images\preprocessed\crystal\4bromo2methylaniline_1.png,1
dl_morph_labelling\images\preprocessed\crystal\barbituric_acid_1.png,1
dl_morph_labelling\images\preprocessed\crystal\3bromobenzoic_acid_3.png,1
dl_morph_labelling\images\preprocessed\noncrystal\6819.png,0
dl_morph_labelling\images\preprocessed\crystal\5aminoisophthalic_acid_microscope2.png,1
dl_morph_labelling\images\preprocessed\crystal\3amino4methoxyacetanilide_4.png,1
dl_morph_labelling\images\preprocessed\noncrystal\1917.png,0
dl_morph_labelling\images\preprocessed\noncrystal\8190.png,0
dl_morph_labelling\images\preprocessed\noncrystal\2701.png,0
dl_morph_labelling\images\preprocessed\noncrystal\7236.png,0
dl_morph_labelling\images\preprocessed\crystal\24pyridinedicarboxylic_acid_monohydrate_4.png,1
dl_morph_labelling\images\preprocessed\crystal\5aminoisophthalic_acid_4.png,1
dl_morph_labelling\images\preprocessed\crystal\5iodouracil_2.png,1
dl_morph_labelling\images\preprocessed\noncrystal\1013.png,0
dl_morph_labelling\images\preprocessed\crystal\nphenylurea_3.png,1
dl_morph_labelling\images\preprocessed\crystal\4methoxyazobenzene_2.png,1
dl_morph_labelling\images\preprocessed\crystal\2hydroxy14naphthoquinone_2.png,1
dl_morph_labelling\images\preprocessed\noncrystal\8731.png,0
dl_morph_labelling\images\preprocessed\crystal\pyrazinecarboxamide_3.png,1
dl_morph_labelling\images\preprocessed\noncrystal\78.png,0
dl_morph_labelling\images\preprocessed\crystal\6chlorouracil_2.png,1
dl_morph_labelling\images\preprocessed\noncrystal\3763.png,0
dl_morph_labelling\images\preprocessed\crystal\2chloro6fluorobenzoic_acid_1.png,1
dl_morph_labelling\images\preprocessed\crystal\4bromobenzoic_acid_2.png,1
dl_morph_labelling\images\preprocessed\noncrystal\2948.png,0
dl_morph_labelling\images\preprocessed\noncrystal\8352.png,0
dl_morph_labelling\images\preprocessed\noncrystal\6439.png,0
dl_morph_labelling\images\preprocessed\crystal\4methoxyazobenzene_1.png,1
dl_morph_labelling\images\preprocessed\crystal\3amino4methoxyacetanilide_5.png,1
dl_morph_labelling\images\preprocessed\noncrystal\5982.png,0
dl_morph_labelling\images\preprocessed\crystal\benzamide_2.png,1
dl_morph_labelling\images\preprocessed\noncrystal\7916.png,0
dl_morph_labelling\images\preprocessed\crystal\caffeine_2.png,1
dl_morph_labelling\images\preprocessed\crystal\flufenamic_acid_3.png,1
dl_morph_labelling\images\preprocessed\noncrystal\6090.png,0
dl_morph_labelling\images\preprocessed\noncrystal\159.png,0
dl_morph_labelling\images\preprocessed\noncrystal\7019.png,0
dl_morph_labelling\images\preprocessed\noncrystal\3038.png,0
dl_morph_labelling\images\preprocessed\crystal\lmandelic_acid_2.png,1
dl_morph_labelling\images\preprocessed\noncrystal\422.png,0
dl_morph_labelling\images\preprocessed\noncrystal\672.png,0
dl_morph_labelling\images\preprocessed\noncrystal\1428.png,0
dl_morph_labelling\images\preprocessed\noncrystal\4766.png,0
dl_morph_labelling\images\preprocessed\noncrystal\8099.png,0
dl_morph_labelling\images\preprocessed\noncrystal\1617.png,0
dl_morph_labelling\images\preprocessed\noncrystal\161.png,0
dl_morph_labelling\images\preprocessed\crystal\tetrabutylammonium_hexafluorophosphate_4.png,1
dl_morph_labelling\images\preprocessed\crystal\urea_1.png,1
dl_morph_labelling\images\preprocessed\noncrystal\7423.png,0
dl_morph_labelling\images\preprocessed\noncrystal\8140.png,0
dl_morph_labelling\images\preprocessed\crystal\26pyridinedicarboxylic acid_3.png,1
dl_morph_labelling\images\preprocessed\crystal\isonicotinamide_2.png,1
dl_morph_labelling\images\preprocessed\noncrystal\7877.png,0
dl_morph_labelling\images\preprocessed\noncrystal\7284.png,0
dl_morph_labelling\images\preprocessed\noncrystal\2404.png,0
dl_morph_labelling\images\preprocessed\noncrystal\4631.png,0
dl_morph_labelling\images\preprocessed\noncrystal\4587.png,0
dl_morph_labelling\images\preprocessed\crystal\chloroanilic_acid_4.png,1
dl_morph_labelling\images\preprocessed\noncrystal\4633.png,0
dl_morph_labelling\images\preprocessed\noncrystal\435.png,0
dl_morph_labelling\images\preprocessed\noncrystal\8022.png,0
dl_morph_labelling\images\preprocessed\crystal\benzimidazole_7.png,1
dl_morph_labelling\images\preprocessed\crystal\3bromobenzoic_acid_1.png,1
dl_morph_labelling\images\preprocessed\noncrystal\1922.png,0
dl_morph_labelling\images\preprocessed\noncrystal\6240.png,0
dl_morph_labelling\images\preprocessed\noncrystal\5818.png,0
dl_morph_labelling\images\preprocessed\noncrystal\4611.png,0
dl_morph_labelling\images\preprocessed\noncrystal\1567.png,0
dl_morph_labelling\images\preprocessed\noncrystal\2969.png,0
dl_morph_labelling\images\preprocessed\crystal\4acetamidobenzoic_acid_3.png,1
dl_morph_labelling\images\preprocessed\crystal\5aminouracil_1.png,1
dl_morph_labelling\images\preprocessed\noncrystal\5275.png,0
dl_morph_labelling\images\preprocessed\noncrystal\2309.png,0
dl_morph_labelling\images\preprocessed\crystal\24dinitrobenzoic_acid_3.png,1
dl_morph_labelling\images\preprocessed\noncrystal\7287.png,0
dl_morph_labelling\images\preprocessed\noncrystal\4032.png,0
dl_morph_labelling\images\preprocessed\crystal\potassium_bromide_4.png,1
dl_morph_labelling\images\preprocessed\crystal\4hydroxybenzophenone_1.png,1
dl_morph_labelling\images\preprocessed\crystal\4bromo3methylaniline_7.png,1
dl_morph_labelling\images\preprocessed\crystal\46dihydroxypyrimidine_4.png,1
dl_morph_labelling\images\preprocessed\noncrystal\4812.png,0
dl_morph_labelling\images\preprocessed\noncrystal\909.png,0
dl_morph_labelling\images\preprocessed\noncrystal\8441.png,0
dl_morph_labelling\images\preprocessed\crystal\alpha_lipoic_acid_1.png,1
dl_morph_labelling\images\preprocessed\noncrystal\5419.png,0
dl_morph_labelling\images\preprocessed\crystal\2hydroxy14naphthoquinone_1.png,1
dl_morph_labelling\images\preprocessed\noncrystal\496.png,0
dl_morph_labelling\images\preprocessed\noncrystal\253.png,0
dl_morph_labelling\images\preprocessed\noncrystal\962.png,0
dl_morph_labelling\images\preprocessed\noncrystal\4698.png,0
dl_morph_labelling\images\preprocessed\crystal\35dinitrobenzoic_acid_1.png,1
dl_morph_labelling\images\preprocessed\noncrystal\6410.png,0
dl_morph_labelling\images\preprocessed\noncrystal\2008.png,0
dl_morph_labelling\images\preprocessed\crystal\pyrazinecarboxamide_2.png,1
dl_morph_labelling\images\preprocessed\crystal\thiourea_2.png,1
dl_morph_labelling\images\preprocessed\noncrystal\5318.png,0
dl_morph_labelling\images\preprocessed\crystal\dmannitol_1.png,1
dl_morph_labelling\images\preprocessed\crystal\piracetam_2.png,1
dl_morph_labelling\images\preprocessed\noncrystal\3754.png,0
dl_morph_labelling\images\preprocessed\crystal\pyrazole_7.png,1
dl_morph_labelling\images\preprocessed\noncrystal\6116.png,0
dl_morph_labelling\images\preprocessed\noncrystal\4207.png,0
dl_morph_labelling\images\preprocessed\noncrystal\4771.png,0
dl_morph_labelling\images\preprocessed\noncrystal\6539.png,0
dl_morph_labelling\images\preprocessed\noncrystal\2695.png,0
dl_morph_labelling\images\preprocessed\crystal\phloroglucinol_2.png,1
dl_morph_labelling\images\preprocessed\crystal\phenazine_1.png,1
dl_morph_labelling\images\preprocessed\crystal\benzoic_acid_3.png,1
dl_morph_labelling\images\preprocessed\crystal\3bromobenzoic_acid_7.png,1
dl_morph_labelling\images\preprocessed\crystal\oxamic_acid_1.png,1
dl_morph_labelling\images\preprocessed\noncrystal\5356.png,0
dl_morph_labelling\images\preprocessed\crystal\5aminoisophthalic_acid_1.png,1
dl_morph_labelling\images\preprocessed\noncrystal\5398.png,0
dl_morph_labelling\images\preprocessed\noncrystal\971.png,0
dl_morph_labelling\images\preprocessed\noncrystal\3726.png,0
dl_morph_labelling\images\preprocessed\noncrystal\5984.png,0
dl_morph_labelling\images\preprocessed\crystal\magnesium_chloride_5.png,1
dl_morph_labelling\images\preprocessed\crystal\5iodouracil_3.png,1
dl_morph_labelling\images\preprocessed\noncrystal\4162.png,0
dl_morph_labelling\images\preprocessed\noncrystal\8239.png,0
dl_morph_labelling\images\preprocessed\noncrystal\3922.png,0
dl_morph_labelling\images\preprocessed\crystal\24dihydroxybenzoic_acid_2.png,1
dl_morph_labelling\images\preprocessed\crystal\3cyanobenzoic_acid_1.png,1
dl_morph_labelling\images\preprocessed\noncrystal\3734.png,0
dl_morph_labelling\images\preprocessed\crystal\triphenylacetic_acid_2.png,1
dl_morph_labelling\images\preprocessed\crystal\isonicotinamide_1.png,1
dl_morph_labelling\images\preprocessed\noncrystal\8167.png,0
dl_morph_labelling\images\preprocessed\noncrystal\5513.png,0
dl_morph_labelling\images\preprocessed\crystal\35dinitrosalicylic_acid_1.png,1
dl_morph_labelling\images\preprocessed\crystal\sulfacetamide_1.png,1
dl_morph_labelling\images\preprocessed\crystal\quinuclidine_5.png,1
dl_morph_labelling\images\preprocessed\crystal\24dinitrobenzoic_acid_4.png,1
dl_morph_labelling\images\preprocessed\noncrystal\7365.png,0
dl_morph_labelling\images\preprocessed\noncrystal\292.png,0
dl_morph_labelling\images\preprocessed\crystal\sorbic_acid_1.png,1
dl_morph_labelling\images\preprocessed\noncrystal\1694.png,0
dl_morph_labelling\images\preprocessed\crystal\4methylaminobenzoic_acid_3.png,1
dl_morph_labelling\images\preprocessed\noncrystal\5489.png,0
dl_morph_labelling\images\preprocessed\noncrystal\5693.png,0
dl_morph_labelling\images\preprocessed\noncrystal\7069.png,0
dl_morph_labelling\images\preprocessed\noncrystal\8571.png,0
dl_morph_labelling\images\preprocessed\crystal\adipic_acid_3.png,1
dl_morph_labelling\images\preprocessed\noncrystal\2367.png,0
dl_morph_labelling\images\preprocessed\noncrystal\5551.png,0
dl_morph_labelling\images\preprocessed\noncrystal\8100.png,0
dl_morph_labelling\images\preprocessed\crystal\resorcinol_4.png,1
dl_morph_labelling\images\preprocessed\noncrystal\7975.png,0
dl_morph_labelling\images\preprocessed\noncrystal\5724.png,0
dl_morph_labelling\images\preprocessed\noncrystal\5524.png,0
dl_morph_labelling\images\preprocessed\noncrystal\8229.png,0
dl_morph_labelling\images\preprocessed\crystal\benzoic_acid_2.png,1
dl_morph_labelling\images\preprocessed\crystal\dimethylurea_2.png,1
dl_morph_labelling\images\preprocessed\noncrystal\6739.png,0
dl_morph_labelling\images\preprocessed\crystal\quinuclidine_2.png,1
dl_morph_labelling\images\preprocessed\crystal\mtoluic_acid_2.png,1
dl_morph_labelling\images\preprocessed\crystal\24dichlorophenoxyacetic_acid_2.png,1
dl_morph_labelling\images\preprocessed\noncrystal\8717.png,0
dl_morph_labelling\images\preprocessed\crystal\222trifluoroacetamide_2.png,1
dl_morph_labelling\images\preprocessed\noncrystal\5740.png,0
dl_morph_labelling\images\preprocessed\crystal\biuret_2.png,1
dl_morph_labelling\images\preprocessed\noncrystal\7972.png,0
dl_morph_labelling\images\preprocessed\crystal\piracetam_3.png,1
dl_morph_labelling\images\preprocessed\noncrystal\4055.png,0
dl_morph_labelling\images\preprocessed\noncrystal\1867.png,0
dl_morph_labelling\images\preprocessed\noncrystal\8345.png,0
dl_morph_labelling\images\preprocessed\crystal\caffeine_1.png,1
dl_morph_labelling\images\preprocessed\crystal\34dihydroxybenzoic_acid_4.png,1
dl_morph_labelling\images\preprocessed\noncrystal\7408.png,0
dl_morph_labelling\images\preprocessed\noncrystal\4247.png,0
dl_morph_labelling\images\preprocessed\crystal\anisic_acid_4.png,1
dl_morph_labelling\images\preprocessed\crystal\dlmandelic_acid_2.png,1
dl_morph_labelling\images\preprocessed\crystal\nicotinamide_2.png,1
dl_morph_labelling\images\preprocessed\crystal\3methoxybenzoic_acid_6.png,1
dl_morph_labelling\images\preprocessed\noncrystal\4773.png,0
dl_morph_labelling\images\preprocessed\noncrystal\2904.png,0
dl_morph_labelling\images\preprocessed\noncrystal\7102.png,0
dl_morph_labelling\images\preprocessed\noncrystal\5173.png,0
dl_morph_labelling\images\preprocessed\crystal\22bipyridyl_4.png,1
dl_morph_labelling\images\preprocessed\noncrystal\8214.png,0
dl_morph_labelling\images\preprocessed\crystal\phenazine_4.png,1
dl_morph_labelling\images\preprocessed\noncrystal\7868.png,0
dl_morph_labelling\images\preprocessed\crystal\5aminoisophthalic_acid_2.png,1
dl_morph_labelling\images\preprocessed\crystal\theophylline_2.png,1
dl_morph_labelling\images\preprocessed\crystal\pyrazole_6.png,1
dl_morph_labelling\images\preprocessed\crystal\26pyridinedicarboxylic acid_1.png,1
dl_morph_labelling\images\preprocessed\crystal\4bromobenzoic_acid_3.png,1
dl_morph_labelling\images\preprocessed\crystal\3methoxybenzoic_acid_3.png,1
dl_morph_labelling\images\preprocessed\noncrystal\900.png,0
dl_morph_labelling\images\preprocessed\crystal\24isobutylphenylpropionic_acid_3.png,1
dl_morph_labelling\images\preprocessed\crystal\24pyridinedicarboxylic_acid_monohydrate_3.png,1
dl_morph_labelling\images\preprocessed\noncrystal\5943.png,0
dl_morph_labelling\images\preprocessed\crystal\oxamide_3.png,1
dl_morph_labelling\images\preprocessed\noncrystal\4106.png,0
dl_morph_labelling\images\preprocessed\noncrystal\1658.png,0
dl_morph_labelling\images\preprocessed\crystal\3aminobenzoic_acid_2.png,1
dl_morph_labelling\images\preprocessed\noncrystal\2743.png,0
dl_morph_labelling\images\preprocessed\noncrystal\1122.png,0
dl_morph_labelling\images\preprocessed\crystal\6aminouracil_1.png,1
dl_morph_labelling\images\preprocessed\noncrystal\2778.png,0
dl_morph_labelling\images\preprocessed\noncrystal\8548.png,0
dl_morph_labelling\images\preprocessed\crystal\22bipyridyl_1.png,1
dl_morph_labelling\images\preprocessed\noncrystal\3052.png,0
dl_morph_labelling\images\preprocessed\crystal\3methoxybenzoic_acid_1.png,1
dl_morph_labelling\images\preprocessed\noncrystal\6126.png,0
dl_morph_labelling\images\preprocessed\noncrystal\6660.png,0
dl_morph_labelling\images\preprocessed\noncrystal\6647.png,0
dl_morph_labelling\images\preprocessed\noncrystal\514.png,0
dl_morph_labelling\images\preprocessed\noncrystal\7392.png,0
dl_morph_labelling\images\preprocessed\crystal\isonicotinamide_3.png,1
dl_morph_labelling\images\preprocessed\crystal\potassium_nitrate_1.png,1
dl_morph_labelling\images\preprocessed\noncrystal\4510.png,0
dl_morph_labelling\images\preprocessed\crystal\46dihydroxypyrimidine_3.png,1
dl_morph_labelling\images\preprocessed\noncrystal\8001.png,0
dl_morph_labelling\images\preprocessed\crystal\methyl_4bromobenzoate_1.png,1
dl_morph_labelling\images\preprocessed\crystal\pacetanisidide_1.png,1
dl_morph_labelling\images\preprocessed\crystal\magnesium_chloride_7.png,1
dl_morph_labelling\images\preprocessed\noncrystal\3958.png,0
dl_morph_labelling\images\preprocessed\noncrystal\7521.png,0
dl_morph_labelling\images\preprocessed\crystal\dmannitol_2.png,1
dl_morph_labelling\images\preprocessed\noncrystal\1643.png,0
dl_morph_labelling\images\preprocessed\noncrystal\6887.png,0
dl_morph_labelling\images\preprocessed\crystal\24dinitrobenzoic_acid_2.png,1
dl_morph_labelling\images\preprocessed\crystal\coumarin_1.png,1
dl_morph_labelling\images\preprocessed\noncrystal\2334.png,0
dl_morph_labelling\images\preprocessed\crystal\4aminobenzoic_acid_4.png,1
dl_morph_labelling\images\preprocessed\crystal\24dinitrobenzoic_acid_1.png,1
dl_morph_labelling\images\preprocessed\crystal\magnesium_chloride_1.png,1
dl_morph_labelling\images\preprocessed\noncrystal\7895.png,0
dl_morph_labelling\images\preprocessed\noncrystal\4024.png,0
dl_morph_labelling\images\preprocessed\noncrystal\7205.png,0
dl_morph_labelling\images\preprocessed\noncrystal\6689.png,0
dl_morph_labelling\images\preprocessed\crystal\6chloro24dinitroaniline_2.png,1
dl_morph_labelling\images\preprocessed\noncrystal\1972.png,0
dl_morph_labelling\images\preprocessed\crystal\malonamide_3.png,1
dl_morph_labelling\images\preprocessed\crystal\nphenylurea_2.png,1
dl_morph_labelling\images\preprocessed\noncrystal\4619.png,0
dl_morph_labelling\images\preprocessed\noncrystal\4679.png,0
dl_morph_labelling\images\preprocessed\noncrystal\2596.png,0
dl_morph_labelling\images\preprocessed\noncrystal\7166.png,0
dl_morph_labelling\images\preprocessed\crystal\46dihydroxypyrimidine_2.png,1
dl_morph_labelling\images\preprocessed\noncrystal\3715.png,0
dl_morph_labelling\images\preprocessed\crystal\3amino4methoxyacetanilide_1.png,1
dl_morph_labelling\images\preprocessed\crystal\benzimidazole_2.png,1
dl_morph_labelling\images\preprocessed\crystal\5nitroisophthalic_acid_2.png,1
dl_morph_labelling\images\preprocessed\crystal\24pyridinedicarboxylic_acid_monohydrate_2.png,1
dl_morph_labelling\images\preprocessed\noncrystal\6779.png,0
dl_morph_labelling\images\preprocessed\crystal\nicotinic_acid_1.png,1
dl_morph_labelling\images\preprocessed\crystal\4cyanobenzoic_acid_3.png,1
dl_morph_labelling\images\preprocessed\crystal\22dichloracetamid_4.png,1
dl_morph_labelling\images\preprocessed\crystal\pyrazinecarboxamide_4.png,1
dl_morph_labelling\images\preprocessed\crystal\methylurea_4.png,1
dl_morph_labelling\images\preprocessed\crystal\lglutamic_acid_2.png,1
dl_morph_labelling\images\preprocessed\crystal\hydroquinone_4.png,1
dl_morph_labelling\images\preprocessed\crystal\4bromo3methylaniline_2.png,1
dl_morph_labelling\images\preprocessed\crystal\coumarin_2.png,1
dl_morph_labelling\images\preprocessed\noncrystal\5981.png,0
dl_morph_labelling\images\preprocessed\noncrystal\7931.png,0
dl_morph_labelling\images\preprocessed\noncrystal\8742.png,0
dl_morph_labelling\images\preprocessed\crystal\5aminoisophthalic_acid_6.png,1
dl_morph_labelling\images\preprocessed\noncrystal\5695.png,0
dl_morph_labelling\images\preprocessed\crystal\lglutamic_acid_3.png,1
dl_morph_labelling\images\preprocessed\crystal\nicotinic_acid_3.png,1
dl_morph_labelling\images\preprocessed\crystal\6chlorouracil_1.png,1
dl_morph_labelling\images\preprocessed\noncrystal\8477.png,0
dl_morph_labelling\images\preprocessed\noncrystal\4552.png,0
dl_morph_labelling\images\preprocessed\crystal\hydroquinone_2.png,1
dl_morph_labelling\images\preprocessed\crystal\gallic_acid_1.png,1
dl_morph_labelling\images\preprocessed\crystal\methylurea_1.png,1
dl_morph_labelling\images\preprocessed\noncrystal\8729.png,0
dl_morph_labelling\images\preprocessed\crystal\2hydroxy14naphthoquinone_5.png,1
dl_morph_labelling\images\preprocessed\crystal\biuret_1.png,1
dl_morph_labelling\images\preprocessed\crystal\flufenamic_acid_1.png,1
dl_morph_labelling\images\preprocessed\noncrystal\2841.png,0
dl_morph_labelling\images\preprocessed\crystal\potassium_nitrate_2.png,1
dl_morph_labelling\images\preprocessed\noncrystal\3789.png,0
dl_morph_labelling\images\preprocessed\noncrystal\7669.png,0
dl_morph_labelling\images\preprocessed\crystal\35dimethylpyrazole_1.png,1
dl_morph_labelling\images\preprocessed\crystal\35dihydroxybenzoic_acid_2.png,1
dl_morph_labelling\images\preprocessed\noncrystal\8563.png,0
dl_morph_labelling\images\preprocessed\noncrystal\6879.png,0
dl_morph_labelling\images\preprocessed\crystal\phenazine_3.png,1
dl_morph_labelling\images\preprocessed\noncrystal\6955.png,0
dl_morph_labelling\images\preprocessed\noncrystal\2100.png,0
dl_morph_labelling\images\preprocessed\noncrystal\4120.png,0
dl_morph_labelling\images\preprocessed\crystal\4phenoxyphenol_4.png,1
dl_morph_labelling\images\preprocessed\noncrystal\5282.png,0
dl_morph_labelling\images\preprocessed\noncrystal\899.png,0
dl_morph_labelling\images\preprocessed\crystal\4bromo3methylaniline_3.png,1
dl_morph_labelling\images\preprocessed\noncrystal\2909.png,0
dl_morph_labelling\images\preprocessed\noncrystal\6066.png,0
dl_morph_labelling\images\preprocessed\noncrystal\8193.png,0
dl_morph_labelling\images\preprocessed\crystal\nphenylanthranilic_acid_1.png,1
dl_morph_labelling\images\preprocessed\crystal\chloroanilic_acid_5.png,1
dl_morph_labelling\images\preprocessed\crystal\24isobutylphenylpropionic_acid_1.png,1
dl_morph_labelling\images\preprocessed\crystal\22dichloracetamid_2.png,1
dl_morph_labelling\images\preprocessed\noncrystal\6093.png,0
dl_morph_labelling\images\preprocessed\noncrystal\4073.png,0
dl_morph_labelling\images\preprocessed\noncrystal\4735.png,0
dl_morph_labelling\images\preprocessed\noncrystal\2729.png,0
dl_morph_labelling\images\preprocessed\noncrystal\4152.png,0
dl_morph_labelling\images\preprocessed\noncrystal\2821.png,0
dl_morph_labelling\images\preprocessed\crystal\4aminobenzoic_acid_5.png,1
dl_morph_labelling\images\preprocessed\noncrystal\8409.png,0
dl_morph_labelling\images\preprocessed\noncrystal\6497.png,0
dl_morph_labelling\images\preprocessed\noncrystal\7025.png,0
dl_morph_labelling\images\preprocessed\noncrystal\6760.png,0
dl_morph_labelling\images\preprocessed\noncrystal\1226.png,0
dl_morph_labelling\images\preprocessed\crystal\34dihydroxybenzoic_acid_1.png,1
dl_morph_labelling\images\preprocessed\crystal\triamterene_1.png,1
dl_morph_labelling\images\preprocessed\crystal\5aminouracil_3.png,1
dl_morph_labelling\images\preprocessed\noncrystal\4729.png,0
dl_morph_labelling\images\preprocessed\crystal\pyrazinecarboxamide_1.png,1
dl_morph_labelling\images\preprocessed\noncrystal\7921.png,0
dl_morph_labelling\images\preprocessed\crystal\4cyanobenzoic_acid_4.png,1
dl_morph_labelling\images\preprocessed\noncrystal\2095.png,0
dl_morph_labelling\images\preprocessed\noncrystal\6523.png,0
dl_morph_labelling\images\preprocessed\crystal\benzimidazole_6.png,1
dl_morph_labelling\images\preprocessed\crystal\4iodobenzoic_acid_2.png,1
dl_morph_labelling\images\preprocessed\crystal\taurine_1.png,1
dl_morph_labelling\images\preprocessed\crystal\coumarin_3.png,1
dl_morph_labelling\images\preprocessed\crystal\pyrazole_5.png,1
dl_morph_labelling\images\preprocessed\noncrystal\5291.png,0
dl_morph_labelling\images\preprocessed\crystal\benzimidazole_4.png,1
dl_morph_labelling\images\preprocessed\crystal\lglutamic_acid_1.png,1
dl_morph_labelling\images\preprocessed\noncrystal\1039.png,0
dl_morph_labelling\images\preprocessed\crystal\theophylline_4.png,1
dl_morph_labelling\images\preprocessed\crystal\nphenylurea_5.png,1
dl_morph_labelling\images\preprocessed\crystal\tetrabutylammonium_hexafluorophosphate_3.png,1
dl_morph_labelling\images\preprocessed\noncrystal\5002.png,0
dl_morph_labelling\images\preprocessed\noncrystal\8775.png,0
dl_morph_labelling\images\preprocessed\noncrystal\40.png,0
dl_morph_labelling\images\preprocessed\noncrystal\4997.png,0
dl_morph_labelling\images\preprocessed\noncrystal\2396.png,0
dl_morph_labelling\images\preprocessed\crystal\quinine_2.png,1
dl_morph_labelling\images\preprocessed\noncrystal\5947.png,0
dl_morph_labelling\images\preprocessed\crystal\bromanilic_acid_1.png,1
dl_morph_labelling\images\preprocessed\crystal\phloroglucinol_dihydrate_2.png,1
dl_morph_labelling\images\preprocessed\crystal\3nitrophthalic_acid_1.png,1
dl_morph_labelling\images\preprocessed\crystal\sulfacetamide_3.png,1
dl_morph_labelling\images\preprocessed\crystal\gallic_acid_3.png,1
dl_morph_labelling\images\preprocessed\noncrystal\5603.png,0
dl_morph_labelling\images\preprocessed\noncrystal\147.png,0
dl_morph_labelling\images\preprocessed\noncrystal\8568.png,0
